<?xml version="1.0" encoding="UTF-8"?>
<!--
This file is part of the DITA Open Toolkit project.

Copyright 2004, 2005 IBM Corporation

See the accompanying LICENSE file for applicable license.
--><strings xml:lang="ar-eg">        <!-- Arabic -->
  <str name="Figure">شكل</str>
  <str name="Table">جدول</str>
  <str name="Next topic">الموضوع التالي</str>
  <str name="Previous topic">الموضوع السابق</str>
  <str name="Parent topic">الموضوع الأصلي</str>
  <str name="Required cleanup">الاخلاء المطلوب</str>
  <str name="Draft comment">تعليق المسودة</str>
  <str name="Option">اختيار</str>
  <str name="Description">توصيف</str>
  <str name="Optional">اختياري</str>
  <str name="Required">مطلوب</str>
  <str name="Skip visual syntax diagram">تخطي شكل الصيغة المرئية</str>
  <str name="Read syntax diagram">شكل صيغة القراءة</str>
  <str name="Start of change">بداية التغيير</str>
  <str name="End of change">نهاية التغيير</str>
  <str name="Index">الفهرس</str>
  <str name="Special characters">الحروف الخاصة</str>
  <str name="Numerics">أرقام</str>
  <str name="End notes">ملحوظات النهاية</str>
  <str name="Artwork">عمل فني</str>
  <str name="Syntax">الصيغة</str>
  <str name="Type">النوع</str>
  <str name="Value">القيمة</str>
  <str name="Note">ملاحظة</str>
  <str name="Notes">ملاحظات</str>
  <str name="Tip">تلميح</str>
  <str name="Fastpath">طريقة مختصرة</str>
  <str name="Important">هام</str>
  <str name="Attention">تنبيه</str>
  <str name="Caution">تحذير</str>
  <str name="Danger">خطر</str>
  <str name="Remember">تذكر</str>
  <str name="Restriction">ممنوع</str>
  <str name="Warning">تحذﻳر</str>
  <str name="Contents">المحتويات</str>
  <str name="Related concepts">المفاهيم المتعلقة</str>
  <str name="Related tasks">المهام المتعلقة</str>
  <str name="Related reference">المرجع المتعلق</str>
  <str name="Related information">المعلومات المتعلقة</str>
  <str name="Prerequisite">متطلب رئيسي</str>
  <str name="Prerequisites">متطلبات رئيسية</str>
  <str name="or">or</str>
  <str name="task_context">نبذة عن هذه المهمة</str>
  <str name="task_example">مثال</str>
  <str name="task_postreq">ما تريد القيام به بعد الآن</str>
  <str name="task_prereq">قبل البدء</str>
  <str name="task_procedure">اجراء</str>
  <str name="task_procedure_unordered">اجراء</str>
  <str name="task_results">النتائج</str>
  <str name="Copyright">حقوق النشر لشركة</str>
  <str name="a11y.and-then"/>
</strings>