<?xml version="1.0" encoding="UTF-8"?>
<!--
This file is part of the DITA Open Toolkit project.

Copyright 2004, 2005 IBM Corporation

See the accompanying LICENSE file for applicable license.
--><strings xml:lang="da-dk">        <!-- Danish -->
  <str name="Figure">Figur</str>
  <str name="Table">Tabel</str>
  <str name="Next topic">Næste emne</str>
  <str name="Previous topic">Forrige emne</str>
  <str name="Parent topic">Overordnet emne</str>
  <str name="Required cleanup">Påkrævet oprydning</str>
  <str name="Draft comment">Kommentar til kladde</str>
  <str name="Option">Valg</str>
  <str name="Description">Beskrivelse</str>
  <str name="Optional">Valgfrit</str>
  <str name="Required">Påkrævet</str>
  <str name="Skip visual syntax diagram">Spring over visuel syntaksdiagram</str>
  <str name="Read syntax diagram">Læs syntaksdiagram</str>
  <str name="Start of change">Start på ændringer</str>
  <str name="End of change">Slut på ændringer</str>
  <str name="Index">Stikordsregister</str>
  <str name="Special characters">Specialtegn</str>
  <str name="Numerics">Numerisk</str>
  <str name="End notes">Slutbemærkninger</str>
  <str name="Artwork">Illustrationer</str>
  <str name="Syntax">Syntaks</str>
  <str name="Type">Type</str>
  <str name="Value">Værdi</str>
  <str name="Note">Bemærk</str>
  <str name="Notes">Bemærkninger</str>
  <str name="Tip">Tip</str>
  <str name="Fastpath">Genvej</str>
  <str name="Important">Vigtigt</str>
  <str name="Attention">Advarsel</str>
  <str name="Caution">Pas på</str>
  <str name="Danger">Fare!</str>
  <str name="Remember">Husk</str>
  <str name="Restriction">Begrænsning</str>
  <str name="Warning">Advarsel</str>
  <str name="Contents">Indholdsfortegnelse</str>
  <str name="Related concepts">Beslægtede begreber</str>
  <str name="Related tasks">Beslægtede opgaver</str>
  <str name="Related reference">Beslægtet reference</str>
  <str name="Related information">Beslægtede oplysninger</str>
  <str name="Prerequisite">Forudsætning</str>
  <str name="Prerequisites">Forudsætninger</str>
  <str name="or">eller</str>
  <str name="task_context">Om denne opgave</str>
  <str name="task_example">Eksempel</str>
  <str name="task_postreq">Næste trin</str>
  <str name="task_prereq">Inden du begynder</str>
  <str name="task_procedure">Fremgangsmåde</str>
  <str name="task_procedure_unordered">Fremgangsmåde</str>
  <str name="task_results">Resultater</str>
  <str name="Copyright">Copyright</str>
  <str name="a11y.and-then"/>
</strings>