<?xml version="1.0" encoding="UTF-8"?>
<!--
This file is part of the DITA Open Toolkit project.

Copyright 2004, 2005 IBM Corporation

See the accompanying LICENSE file for applicable license.
--><strings xml:lang="ms-my">        <!-- Malay -->
  <str name="Figure">Rajah</str>
  <str name="Table">Jadual</str>
  <str name="Next topic">Tajuk seterusnya</str>
  <str name="Previous topic">Tajuk sebelumnya</str>
  <str name="Parent topic">Tajuk induk</str>
  <str name="Required cleanup">Pembersihan diperlukan</str>
  <str name="Draft comment">Komen draf</str>
  <str name="Option">Opsyen</str>
  <str name="Description">Deskripsi</str>
  <str name="Optional">Opsyenal</str>
  <str name="Required">Diperlukan</str>
  <str name="Skip visual syntax diagram">Langkau rajah sintaks visual</str>
  <str name="Read syntax diagram">Baca rajah sintaks</str>
  <str name="Start of change">Mula perubahan</str>
  <str name="End of change">Hujung perubahan</str>
  <str name="Index">Indeks</str>
  <str name="Special characters">Aksara khas</str>
  <str name="Numerics">Angka</str>
  <str name="End notes">Nota akhir</str>
  <str name="Artwork">Kerja seni</str>
  <str name="Syntax">Sintaks</str>
  <str name="Type">Jenis</str>
  <str name="Value">Nilai</str>
  <str name="Note">Nota</str>
  <str name="Notes">Nota</str>
  <str name="Tip">Petua</str>
  <str name="Fastpath">Laluan pantas</str>
  <str name="Important">Penting</str>
  <str name="Attention">Perhatian</str>
  <str name="Caution">AWAS</str>
  <str name="Danger">BAHAYA</str>
  <str name="Remember">Ingat</str>
  <str name="Warning">Amaran</str>
  <str name="Restriction">Sekatan</str>
  <str name="Contents">Kandungan</str>
  <str name="Related concepts">Konsep berkaitan</str>
  <str name="Related tasks">Tugas berkaitan</str>
  <str name="Related reference">Rujukan berkaitan</str>
  <str name="Related information">Maklumat berkaitan</str>
  <str name="Prerequisite">Prasyarat</str>
  <str name="Prerequisites">Prasyarat</str>
  <str name="or">atau</str>
  <str name="task_context">Mengenai tugas ini</str>
  <str name="task_example">Contoh</str>
  <str name="task_postreq">Apa perlu dilakukan seterusnya</str>
  <str name="task_prereq">Sebelum anda bermula</str>
  <str name="task_procedure">Prosedur</str>
  <str name="task_procedure_unordered">Prosedur</str>
  <str name="task_results">Hasil</str>
  <str name="Copyright">Hak Cipta</str>
  <str name="a11y.and-then"/>
</strings>