<?xml version="1.0" encoding="UTF-8"?>
<!--
This file is part of the DITA Open Toolkit project.

Copyright 2004, 2005 IBM Corporation

See the accompanying LICENSE file for applicable license.
--><strings xml:lang="bs-ba">   <!-- Bosnian -->
  <str name="Figure">Slika</str>
  <str name="Table">Tabela</str>
  <str name="Next topic">Slijedeće poglavlje</str>
  <str name="Previous topic">Prethodno poglavlje</str>
  <str name="Parent topic">Nadređeno poglavlje</str>
  <str name="Required cleanup">Potrebno čišćenje</str>
  <str name="Draft comment">Komentar nacrta</str>
  <str name="Option">Opcija</str>
  <str name="Description">Opis</str>
  <str name="Optional">Opcionalno</str>
  <str name="Required">Potrebno</str>
  <str name="Skip visual syntax diagram">Preskočiti vizualni sintatički dijagram</str>
  <str name="Read syntax diagram">Pročitati sintatički dijagram</str>
  <str name="Start of change">Početak promjene</str>
  <str name="End of change">Kraj promjene</str>
  <str name="Index">Indeks</str>
  <str name="Special characters">Posebni znakovi</str>
  <str name="Numerics">Brojevi</str>
  <str name="End notes">Završne napomene</str>
  <str name="Artwork">Ilustracija</str>
  <str name="Syntax">Sintaksa</str>
  <str name="Type">Tip</str>
  <str name="Value">Vrijednost</str>
  <str name="Note">Bilješka</str>
  <str name="Notes">Bilješke</str>
  <str name="Tip">Savjet</str>
  <str name="Fastpath">Brza staza</str>
  <str name="Important">Važno</str>
  <str name="Attention">Upozorenje</str>
  <str name="Caution">Oprez</str>
  <str name="Danger">OPASNOST</str>
  <str name="Remember">Zapamtite</str>
  <str name="Restriction">Ograničenje</str>
  <str name="Warning">Upozorenje</str>
  <str name="Trouble">Trouble</str> <!--TODO:Trouble-->
  <str name="Contents">Sadržaj</str>
  <str name="Related concepts">Srodni koncepti</str>
  <str name="Related tasks">Srodni zadaci</str>
  <str name="Related reference">Srodne reference</str>
  <str name="Related information">Srodne informacije</str>
  <str name="Prerequisite">Preduslov</str>
  <str name="Prerequisites">Preduslovi</str>
  <str name="or">or</str>
  <str name="task_context">O ovom zadatku</str>
  <str name="task_example">Primjer</str>
  <str name="task_postreq">Šta uraditi sljedeće</str>
  <str name="task_prereq">Prije nego što počnete</str>
  <str name="task_procedure">Postupak</str>
  <str name="task_procedure_unordered">Postupak</str>
  <str name="task_results">Rezultati</str>
  <str name="Copyright">Copyright</str>
  <str name="a11y.and-then"/>
</strings>