<?xml version="1.0" encoding="UTF-8"?>
<!--
This file is part of the DITA Open Toolkit project.

Copyright 2004, 2005 IBM Corporation

See the accompanying LICENSE file for applicable license.
--><strings xml:lang="pt-br">        <!-- Brazilian Portuguese -->
  <str name="Figure">Figura</str>
  <str name="Table">Tabela</str>
  <str name="Next topic">Próximo tópico</str>
  <str name="Previous topic">Tópico anterior</str>
  <str name="Parent topic">Tópico pai</str>
  <str name="Required cleanup">Limpeza necessária</str>
  <str name="Draft comment">Comentário rascunho</str>
  <str name="Option">Opção</str>
  <str name="Description">Descrição</str>
  <str name="Optional">Opcional</str>
  <str name="Required">Necessário</str>
  <str name="Skip visual syntax diagram">Manter visual do diagrama de sintaxe</str>
  <str name="Read syntax diagram">Ler diagrama de sintaxe</str>
  <str name="Start of change">Início da mudança</str>
  <str name="End of change">Fim da mudança</str>
  <str name="Index">Índice Remissivo</str>
  <str name="Special characters">Caracteres Especiais</str>
  <str name="Numerics">Numéricos</str>
  <str name="End notes">Avisos Finais</str>
  <str name="Artwork">Ilustração</str>
  <str name="Syntax">Sintaxe</str>
  <str name="Type">Tipo</str>
  <str name="Value">Valor</str>
  <str name="Note">Nota</str>
  <str name="Notes">Notas</str>
  <str name="Tip">Dica</str>
  <str name="Fastpath">Atalho</str>
  <str name="Important">Importante</str>
  <str name="Attention">Atenção</str>
  <str name="Caution">CUIDADO</str>
  <str name="Danger">PERIGO</str>
  <str name="Remember">Lembre-se</str>
  <str name="Restriction">Restrição</str>
  <str name="Warning">Aviso</str>
  <str name="Contents">Conteúdo</str>
  <str name="Related concepts">Conceitos relacionados</str>
  <str name="Related tasks">Tarefas relacionadas</str>
  <str name="Related reference">Referências relacionadas</str>
  <str name="Related information">Informações relacionadas</str>
  <str name="Prerequisite">Prerequisite</str>
  <str name="Prerequisites">Prerequisites</str>
  <str name="or">or</str>
  <str name="task_context">Por Que e Quando Desempenhar Esta Tarefa</str>
  <str name="task_example">Exemplo</str>
  <str name="task_prereq">Antes de Iniciar</str>
  <str name="task_postreq">O que Fazer Depois</str>
  <str name="task_procedure">Procedimento</str>
  <str name="task_procedure_unordered">Procedimento</str>
  <str name="task_results">Resultados</str>
  <str name="Copyright">Copyright</str>
  <str name="a11y.and-then"/>
</strings>